<?xml version="1.0" encoding="UTF-8" standalone="yes"?>
<AppProfileExportImportJaxb xmlns="http://www.cliqr.com/xml/ns/appProfileExportImport">
    <AppProfileList>
        <appProfileInfo topLevelAppName="My\u0020Awesome\u0020WebSite">
            <appProfileInfoPath location="1" extension="json"/>
            <appProfileInfoPath location="2" extension="json"/>
        </appProfileInfo>
    </AppProfileList>
    <ResourceList>
        <resource>
            <type>RemoteRepository</type>
            <RemoteRepository>
                <repositoryName>s3-wordpress</repositoryName>
                <repositoryId>1</repositoryId>
                <appNameList>
                    <appName>My Awesome WebSite</appName>
                </appNameList>
            </RemoteRepository>
        </resource>
    </ResourceList>
</AppProfileExportImportJaxb>
